id,name,model_id:id,group_id:id,perm_read,perm_write,perm_create,perm_unlink
access_stock_valuation_layer_report,stock.valuation.layer.report,model_stock_valuation_layer_report,stock.group_stock_user,1,0,0,0
access_stock_valuation_layer_report_manager,stock.valuation.layer.report.manager,model_stock_valuation_layer_report,stock.group_stock_manager,1,0,0,0
access_stock_valuation_layer_neutralize_wizard,stock.valuation.layer.neutralize.wizard,model_stock_valuation_layer_neutralize_wizard,stock_valuation_layer_extend.group_stock_valuation_quantity_correction,1,1,1,1
access_valuation_quantity_correction_candidate,valuation.quantity.correction.candidate,model_stock_valuation_quantity_correction_candidate,stock_valuation_layer_extend.group_stock_valuation_quantity_correction,1,0,0,0
access_stock_valuation_layer_bulk_neutralize_wizard,stock.valuation.layer.bulk.neutralize.wizard,model_stock_valuation_layer_bulk_neutralize_wizard,stock_valuation_layer_extend.group_stock_valuation_quantity_correction,1,1,1,1
access_stock_count_cost_wizard,stock.count.cost.wizard,model_stock_count_cost_wizard,stock_valuation_layer_extend.group_count_cost_adjustment,1,1,1,1
access_stock_count_cost_log,stock.count.cost.log,model_stock_count_cost_log,stock_valuation_layer_extend.group_count_cost_adjustment,1,0,0,0
access_inventory_integrity_issue,stock.inventory.integrity.issue,model_stock_inventory_integrity_issue,stock_valuation_layer_extend.group_count_cost_adjustment,1,0,0,0
access_valuation_reconciliation_wizard,stock.valuation.reconciliation.wizard,model_stock_valuation_reconciliation_wizard,stock_valuation_layer_extend.group_stock_valuation_quantity_correction,1,1,1,1
